{"cameraMode":{"drawMode":0,"name":"Shaded","section":"Shading Mode"},"sceneLighting":false,"audioPlay":false,"sceneViewState":{"showFog":true,"showMaterialUpdate":false,"showSkybox":false,"showFlares":true,"showImageEffects":true,"showParticleSystems":true},"in2DMode":false,"pivot":{"x":-8.364582061767579,"y":-7.6066203117370609,"z":27.733043670654298},"rotation":{"x":0.24410229921340943,"y":-0.11673706769943237,"z":0.02978581003844738,"w":0.9624699354171753},"size":14.757072448730469,"orthographic":false}